kind;order;name_ru;desc;stat1;value1;stat2;value2;stat3;value3;icon;sealed;rune_order;notes;status
gate;1;Врата Грома;Вход в ветвь Перуна: +5% урона выстрелов.;ranged;0,05;;;;;1;0;;первый узел ветви;in_game
small;1;+8% урона выстрелов;Малый узел.;ranged;0,08;;;;;;0;;малые узлы идут по ветви по кругу;in_game
small;2;+15% запаса патронов;Малый узел.;reserve;0,15;;;;;;0;;малые узлы идут по ветви по кругу;in_game
small;3;+8% скорости перезарядки;Малый узел.;reload;0,08;;;;;;0;;малые узлы идут по ветви по кругу;in_game
small;4;+6% скорострельности;Малый узел.;fire_rate;0,06;;;;;;0;;малые узлы идут по ветви по кругу;in_game
small;5;+10 к здоровью;Малый узел.;max_hp_flat;10;;;;;;0;;малые узлы идут по ветви по кругу;in_game
small;6;+12% урона удара;Малый узел.;melee;0,12;;;;;;0;;малые узлы идут по ветви по кругу;in_game
small;7;+12% восстановления выносливости;Малый узел.;stamina_regen;0,12;;;;;;0;;малые узлы идут по ветви по кругу;in_game
small;8;+5% скорости;Малый узел.;move;0,05;;;;;;0;;малые узлы идут по ветви по кругу;in_game
small;9;−10% цены уклонения;Малый узел.;dodge_cost;-0,1;;;;;;0;;малые узлы идут по ветви по кругу;in_game
notable;1;Громовой Шлейф;+20% к скорострельности.;fire_rate;0,2;;;;;1;1;0;"по одному на кластер; под печатью";in_game
notable;2;Заговор на Сталь;+30% урона по слабым местам.;weak;0,3;;;;;2;1;3;"по одному на кластер; под печатью";in_game
notable;3;Закалка;Получаешь на 15% меньше урона.;damage_taken;-0,15;;;;;3;1;4;"по одному на кластер; под печатью";in_game
notable;4;Лёгкая Стопа;+15% скорости, уклонение на 25% дешевле.;move;0,15;dodge_cost;-0,25;;;4;1;2;"по одному на кластер; под печатью";in_game
notable;5;Ярь Крови;Каждый удар вблизи лечит на 6.;melee_heal;6;;;;;5;1;1;"по одному на кластер; под печатью";in_game
notable;6;Раскат;Выстрел в уязвимое место заставляет тварь вздрогнуть.;weak_flinch;1;;;;;6;1;7;"по одному на кластер; под печатью";in_game
keystone;1;Шаровая Молния;КЛЮЧЕВОЙ: урон выстрелов в 1,3 раза БОЛЬШЕ, но −20% здоровья.;ranged_more;1,3;max_hp_inc;-0,2;;;1;1;5;первая строка — левый, вторая — правый ключевой;in_game
keystone;2;Костяной Вал;КЛЮЧЕВОЙ: +0,15 с неуязвимости при уклонении, в 1,1 раза МЕНЬШЕ урона, −15% скорострельности.;iframes;0,15;damage_taken_more;0,9;fire_rate_more;0,85;7;1;6;первая строка — левый, вторая — правый ключевой;in_game
